Ürün Adı,Fiyat,Resim URL
Ürün adı alınamadı,Fiyat alınamadı,https://f-a101-l.mncdn.com/mnresize/480/480/livephotos/8/22000838DEFAULT/22000838.jpg
Ürün adı alınamadı,Fiyat alınamadı,https://f-a101-l.mncdn.com/mnresize/480/480/livephotos/8/22001945DEFAULT/22001945DEFAULT_200.jpg
Ürün adı alınamadı,Fiyat alınamadı,https://f-a101-l.mncdn.com/mnresize/480/480/livephotos/8/22002270DEFAULT/22002270.jpg
Ürün adı alınamadı,Fiyat alınamadı,https://f-a101-l.mncdn.com/mnresize/480/480/livephotos/8/22000256DEFAULT/22000256DEFAULT_752.jpg
Ürün adı alınamadı,Fiyat alınamadı,https://f-a101-l.mncdn.com/mnresize/480/480/livephotos/8/22002001DEFAULT/22002001.jpg
Ürün adı alınamadı,Fiyat alınamadı,https://f-a101-l.mncdn.com/mnresize/480/480/livephotos/8/22002644DEFAULT/22002644.jpg
Ürün adı alınamadı,Fiyat alınamadı,https://f-a101-l.mncdn.com/mnresize/480/480/livephotos/8/22002455default/bingo-onaran-3l.jpg
Ürün adı alınamadı,Fiyat alınamadı,https://f-a101-l.mncdn.com/mnresize/480/480/livephotos/8/23000604DEFAULT/23000604DEFAULT_868.jpg
Ürün adı alınamadı,Fiyat alınamadı,https://f-a101-l.mncdn.com/mnresize/480/480/livephotos/8/23001486DEFAULT/1.jpg
Ürün adı alınamadı,Fiyat alınamadı,https://f-a101-l.mncdn.com/mnresize/480/480/livephotos/8/22002454default/bingo-renkli-3l.jpg
Ürün adı alınamadı,Fiyat alınamadı,https://f-a101-l.mncdn.com/mnresize/480/480/livephotos/8/22000279DEFAULT/22000279.jpg
Ürün adı alınamadı,Fiyat alınamadı,https://f-a101-l.mncdn.com/mnresize/480/480/livephotos/8/23001487DEFAULT/1.jpg
Ürün adı alınamadı,Fiyat alınamadı,https://f-a101-l.mncdn.com/mnresize/480/480/livephotos/8/23001282DEFAULT/23001282DEFAULT_106.jpg
Ürün adı alınamadı,Fiyat alınamadı,https://f-a101-l.mncdn.com/mnresize/480/480/livephotos/8/22001713DEFAULT/22001713.jpg
